key,value,timestamp,topic,partition,offset
b'DOGE-USD',"{""pair"": ""DOGE/USD"", ""price"": 0.4662232, ""volume"": 170.72, ""timestamp"": ""2024-12-08T18:13:02.021286Z"", ""timestamp_ms"": 1733681582021}",1733681580574,trades,0,30109
b'ETH-USD',"{""pair"": ""ETH/USD"", ""price"": 3983.67, ""volume"": 0.00258888, ""timestamp"": ""2024-12-08T18:13:05.521856Z"", ""timestamp_ms"": 1733681585521}",1733681584146,trades,0,30110
b'ETH-USD',"{""pair"": ""ETH/USD"", ""price"": 3983.53, ""volume"": 0.56349196, ""timestamp"": ""2024-12-08T18:13:05.521856Z"", ""timestamp_ms"": 1733681585521}",1733681584146,trades,0,30111
b'BTC-USD',"{""pair"": ""BTC/USD"", ""price"": 99999.9, ""volume"": 0.01015001, ""timestamp"": ""2024-12-08T18:13:06.901463Z"", ""timestamp_ms"": 1733681586901}",1733681585451,trades,0,30112
b'BTC-USD',"{""pair"": ""BTC/USD"", ""price"": 99999.9, ""volume"": 0.00053626, ""timestamp"": ""2024-12-08T18:13:07.987656Z"", ""timestamp_ms"": 1733681587987}",1733681586545,trades,0,30113
b'DOGE-USD',"{""pair"": ""DOGE/USD"", ""price"": 0.4663001, ""volume"": 13.0, ""timestamp"": ""2024-12-08T18:13:08.658802Z"", ""timestamp_ms"": 1733681588658}",1733681587321,trades,0,30114
b'ETH-USD',"{""pair"": ""ETH/USD"", ""price"": 3983.76, ""volume"": 0.02520441, ""timestamp"": ""2024-12-08T18:13:08.851216Z"", ""timestamp_ms"": 1733681588851}",1733681587402,trades,0,30115
b'PEPE-USD',"{""pair"": ""PEPE/USD"", ""price"": 2.641e-05, ""volume"": 189322226.42937, ""timestamp"": ""2024-12-08T18:13:10.624818Z"", ""timestamp_ms"": 1733681590624}",1733681589266,trades,0,30116
b'PEPE-USD',"{""pair"": ""PEPE/USD"", ""price"": 2.6411e-05, ""volume"": 11218790.76081, ""timestamp"": ""2024-12-08T18:13:10.624818Z"", ""timestamp_ms"": 1733681590624}",1733681589266,trades,0,30117
b'DOGE-USD',"{""pair"": ""DOGE/USD"", ""price"": 0.4663012, ""volume"": 13.0, ""timestamp"": ""2024-12-08T18:13:10.899245Z"", ""timestamp_ms"": 1733681590899}",1733681589449,trades,0,30118
b'DOGE-USD',"{""pair"": ""DOGE/USD"", ""price"": 0.4663012, ""volume"": 13.0, ""timestamp"": ""2024-12-08T18:13:12.121686Z"", ""timestamp_ms"": 1733681592121}",1733681590700,trades,0,30119
b'PEPE-USD',"{""pair"": ""PEPE/USD"", ""price"": 2.6401e-05, ""volume"": 3526576.0, ""timestamp"": ""2024-12-08T18:13:12.184547Z"", ""timestamp_ms"": 1733681592184}",1733681590744,trades,0,30120
b'DOGE-USD',"{""pair"": ""DOGE/USD"", ""price"": 0.4663012, ""volume"": 4.95173995, ""timestamp"": ""2024-12-08T18:13:13.721383Z"", ""timestamp_ms"": 1733681593721}",1733681592339,trades,0,30121
b'DOGE-USD',"{""pair"": ""DOGE/USD"", ""price"": 0.4663499, ""volume"": 8.04826005, ""timestamp"": ""2024-12-08T18:13:13.721383Z"", ""timestamp_ms"": 1733681593721}",1733681592339,trades,0,30122
b'DOGE-USD',"{""pair"": ""DOGE/USD"", ""price"": 0.4663499, ""volume"": 13.0, ""timestamp"": ""2024-12-08T18:13:14.923263Z"", ""timestamp_ms"": 1733681594923}",1733681593567,trades,0,30123
b'ETH-USD',"{""pair"": ""ETH/USD"", ""price"": 3984.11, ""volume"": 0.00741863, ""timestamp"": ""2024-12-08T18:13:16.032233Z"", ""timestamp_ms"": 1733681596032}",1733681594591,trades,0,30124
b'PEPE-USD',"{""pair"": ""PEPE/USD"", ""price"": 2.6388e-05, ""volume"": 189480986.73232, ""timestamp"": ""2024-12-08T18:13:16.204401Z"", ""timestamp_ms"": 1733681596204}",1733681594755,trades,0,30125
b'BTC-USD',"{""pair"": ""BTC/USD"", ""price"": 100000.0, ""volume"": 0.0007865, ""timestamp"": ""2024-12-08T18:13:16.740890Z"", ""timestamp_ms"": 1733681596740}",1733681595309,trades,0,30126
b'BTC-USD',"{""pair"": ""BTC/USD"", ""price"": 100000.0, ""volume"": 0.06, ""timestamp"": ""2024-12-08T18:13:16.740890Z"", ""timestamp_ms"": 1733681596740}",1733681595309,trades,0,30127
b'BTC-USD',"{""pair"": ""BTC/USD"", ""price"": 100000.0, ""volume"": 0.00015087, ""timestamp"": ""2024-12-08T18:13:16.740890Z"", ""timestamp_ms"": 1733681596740}",1733681595309,trades,0,30128
b'DOGE-USD',"{""pair"": ""DOGE/USD"", ""price"": 0.4663499, ""volume"": 13.0, ""timestamp"": ""2024-12-08T18:13:16.878064Z"", ""timestamp_ms"": 1733681596878}",1733681595428,trades,0,30129
b'DOGE-USD',"{""pair"": ""DOGE/USD"", ""price"": 0.4663499, ""volume"": 26.88362652, ""timestamp"": ""2024-12-08T18:13:17.362448Z"", ""timestamp_ms"": 1733681597362}",1733681595914,trades,0,30130
b'DOGE-USD',"{""pair"": ""DOGE/USD"", ""price"": 0.4663501, ""volume"": 58.84733697, ""timestamp"": ""2024-12-08T18:13:17.362448Z"", ""timestamp_ms"": 1733681597362}",1733681595914,trades,0,30131
b'DOGE-USD',"{""pair"": ""DOGE/USD"", ""price"": 0.4665086, ""volume"": 58.92062416, ""timestamp"": ""2024-12-08T18:13:17.362448Z"", ""timestamp_ms"": 1733681597362}",1733681595914,trades,0,30132
b'DOGE-USD',"{""pair"": ""DOGE/USD"", ""price"": 0.4665283, ""volume"": 478.45841235, ""timestamp"": ""2024-12-08T18:13:17.362448Z"", ""timestamp_ms"": 1733681597362}",1733681595914,trades,0,30133
b'DOGE-USD',"{""pair"": ""DOGE/USD"", ""price"": 0.466398, ""volume"": 13.0, ""timestamp"": ""2024-12-08T18:13:18.852508Z"", ""timestamp_ms"": 1733681598852}",1733681597460,trades,0,30134
b'ETH-USD',"{""pair"": ""ETH/USD"", ""price"": 3984.07, ""volume"": 0.2180032, ""timestamp"": ""2024-12-08T18:13:21.220565Z"", ""timestamp_ms"": 1733681601220}",1733681599835,trades,0,30135
b'DOGE-USD',"{""pair"": ""DOGE/USD"", ""price"": 0.4662711, ""volume"": 13.0, ""timestamp"": ""2024-12-08T18:13:21.336669Z"", ""timestamp_ms"": 1733681601336}",1733681599888,trades,0,30136
b'BTC-USD',"{""pair"": ""BTC/USD"", ""price"": 100000.8, ""volume"": 0.0009901, ""timestamp"": ""2024-12-08T18:13:22.033158Z"", ""timestamp_ms"": 1733681602033}",1733681600634,trades,0,30137
b'PEPE-USD',"{""pair"": ""PEPE/USD"", ""price"": 2.6366e-05, ""volume"": 3736743.0, ""timestamp"": ""2024-12-08T18:13:22.034887Z"", ""timestamp_ms"": 1733681602034}",1733681600635,trades,0,30138
b'DOGE-USD',"{""pair"": ""DOGE/USD"", ""price"": 0.4661494, ""volume"": 13.0, ""timestamp"": ""2024-12-08T18:13:24.530658Z"", ""timestamp_ms"": 1733681604530}",1733681603193,trades,0,30139
b'DOGE-USD',"{""pair"": ""DOGE/USD"", ""price"": 0.4660183, ""volume"": 13.0, ""timestamp"": ""2024-12-08T18:13:26.709951Z"", ""timestamp_ms"": 1733681606709}",1733681605345,trades,0,30140
b'BTC-USD',"{""pair"": ""BTC/USD"", ""price"": 100000.9, ""volume"": 9.951e-05, ""timestamp"": ""2024-12-08T18:13:27.030980Z"", ""timestamp_ms"": 1733681607030}",1733681605652,trades,0,30141
b'BTC-USD',"{""pair"": ""BTC/USD"", ""price"": 100000.8, ""volume"": 0.00022772, ""timestamp"": ""2024-12-08T18:13:31.535591Z"", ""timestamp_ms"": 1733681611535}",1733681610158,trades,0,30142
b'BTC-USD',"{""pair"": ""BTC/USD"", ""price"": 100000.8, ""volume"": 0.00256115, ""timestamp"": ""2024-12-08T18:13:31.789303Z"", ""timestamp_ms"": 1733681611789}",1733681610362,trades,0,30143
b'PEPE-USD',"{""pair"": ""PEPE/USD"", ""price"": 2.6396e-05, ""volume"": 94750805.38184, ""timestamp"": ""2024-12-08T18:13:34.417039Z"", ""timestamp_ms"": 1733681614417}",1733681613023,trades,0,30144
b'BTC-USD',"{""pair"": ""BTC/USD"", ""price"": 100000.8, ""volume"": 0.0003123, ""timestamp"": ""2024-12-08T18:13:35.589945Z"", ""timestamp_ms"": 1733681615589}",1733681614150,trades,0,30145
b'DOGE-USD',"{""pair"": ""DOGE/USD"", ""price"": 0.466335, ""volume"": 19.5961634, ""timestamp"": ""2024-12-08T18:13:36.648087Z"", ""timestamp_ms"": 1733681616648}",1733681615275,trades,0,30146
b'BTC-USD',"{""pair"": ""BTC/USD"", ""price"": 100000.8, ""volume"": 0.00256248, ""timestamp"": ""2024-12-08T18:13:38.469831Z"", ""timestamp_ms"": 1733681618469}",1733681617025,trades,0,30147
b'ETH-USD',"{""pair"": ""ETH/USD"", ""price"": 3983.19, ""volume"": 0.00334, ""timestamp"": ""2024-12-08T18:13:40.138539Z"", ""timestamp_ms"": 1733681620138}",1733681618699,trades,0,30148
b'BTC-USD',"{""pair"": ""BTC/USD"", ""price"": 100000.9, ""volume"": 0.00019415, ""timestamp"": ""2024-12-08T18:13:41.068731Z"", ""timestamp_ms"": 1733681621068}",1733681619621,trades,0,30149
b'BTC-USD',"{""pair"": ""BTC/USD"", ""price"": 100000.8, ""volume"": 0.00048299, ""timestamp"": ""2024-12-08T18:13:42.735299Z"", ""timestamp_ms"": 1733681622735}",1733681621317,trades,0,30150
b'BTC-USD',"{""pair"": ""BTC/USD"", ""price"": 100000.8, ""volume"": 0.02522919, ""timestamp"": ""2024-12-08T18:13:47.702102Z"", ""timestamp_ms"": 1733681627702}",1733681626336,trades,0,30151
b'BTC-USD',"{""pair"": ""BTC/USD"", ""price"": 100000.9, ""volume"": 0.00079166, ""timestamp"": ""2024-12-08T18:13:49.949517Z"", ""timestamp_ms"": 1733681629949}",1733681628589,trades,0,30152
b'ETH-USD',"{""pair"": ""ETH/USD"", ""price"": 3983.01, ""volume"": 0.5021328, ""timestamp"": ""2024-12-08T18:13:50.172971Z"", ""timestamp_ms"": 1733681630172}",1733681628725,trades,0,30153
b'ETH-USD',"{""pair"": ""ETH/USD"", ""price"": 3983.01, ""volume"": 0.12550484, ""timestamp"": ""2024-12-08T18:13:50.172971Z"", ""timestamp_ms"": 1733681630172}",1733681628726,trades,0,30154
b'DOGE-USD',"{""pair"": ""DOGE/USD"", ""price"": 0.4660001, ""volume"": 106.27, ""timestamp"": ""2024-12-08T18:13:51.628219Z"", ""timestamp_ms"": 1733681631628}",1733681630229,trades,0,30155
b'DOGE-USD',"{""pair"": ""DOGE/USD"", ""price"": 0.466, ""volume"": 214.59227467, ""timestamp"": ""2024-12-08T18:13:53.543148Z"", ""timestamp_ms"": 1733681633543}",1733681632093,trades,0,30156
b'DOGE-USD',"{""pair"": ""DOGE/USD"", ""price"": 0.4658745, ""volume"": 1004.01, ""timestamp"": ""2024-12-08T18:14:00.518746Z"", ""timestamp_ms"": 1733681640518}",1733681639078,trades,0,30157
b'PEPE-USD',"{""pair"": ""PEPE/USD"", ""price"": 2.6392e-05, ""volume"": 250000.0, ""timestamp"": ""2024-12-08T18:14:02.500077Z"", ""timestamp_ms"": 1733681642500}",1733681641085,trades,0,30158
b'PEPE-USD',"{""pair"": ""PEPE/USD"", ""price"": 2.6393e-05, ""volume"": 695728.0, ""timestamp"": ""2024-12-08T18:14:03.700603Z"", ""timestamp_ms"": 1733681643700}",1733681642309,trades,0,30159
b'ETH-USD',"{""pair"": ""ETH/USD"", ""price"": 3983.0, ""volume"": 0.004, ""timestamp"": ""2024-12-08T18:14:08.857884Z"", ""timestamp_ms"": 1733681648857}",1733681647429,trades,0,30160
b'ETH-USD',"{""pair"": ""ETH/USD"", ""price"": 3982.94, ""volume"": 0.03010293, ""timestamp"": ""2024-12-08T18:14:09.661624Z"", ""timestamp_ms"": 1733681649661}",1733681648211,trades,0,30161
b'BTC-USD',"{""pair"": ""BTC/USD"", ""price"": 100000.9, ""volume"": 0.00099999, ""timestamp"": ""2024-12-08T18:14:15.716459Z"", ""timestamp_ms"": 1733681655716}",1733681654512,trades,0,30162
b'BTC-USD',"{""pair"": ""BTC/USD"", ""price"": 100000.9, ""volume"": 0.00093774, ""timestamp"": ""2024-12-08T18:14:17.079334Z"", ""timestamp_ms"": 1733681657079}",1733681656020,trades,0,30163
b'ETH-USD',"{""pair"": ""ETH/USD"", ""price"": 3982.06, ""volume"": 0.10590891, ""timestamp"": ""2024-12-08T18:14:18.886082Z"", ""timestamp_ms"": 1733681658886}",1733681657536,trades,0,30164
b'PEPE-USD',"{""pair"": ""PEPE/USD"", ""price"": 2.6387e-05, ""volume"": 37334559.0, ""timestamp"": ""2024-12-08T18:14:20.560968Z"", ""timestamp_ms"": 1733681660560}",1733681659207,trades,0,30165
b'BTC-USD',"{""pair"": ""BTC/USD"", ""price"": 100000.8, ""volume"": 5e-05, ""timestamp"": ""2024-12-08T18:14:21.547118Z"", ""timestamp_ms"": 1733681661547}",1733681660127,trades,0,30166
b'DOGE-USD',"{""pair"": ""DOGE/USD"", ""price"": 0.4654988, ""volume"": 103.95, ""timestamp"": ""2024-12-08T18:14:22.076897Z"", ""timestamp_ms"": 1733681662076}",1733681660648,trades,0,30167
b'PEPE-USD',"{""pair"": ""PEPE/USD"", ""price"": 2.6388e-05, ""volume"": 719303.0, ""timestamp"": ""2024-12-08T18:14:28.359078Z"", ""timestamp_ms"": 1733681668359}",1733681666910,trades,0,30168
b'BTC-USD',"{""pair"": ""BTC/USD"", ""price"": 100000.9, ""volume"": 0.0001, ""timestamp"": ""2024-12-08T18:14:31.446419Z"", ""timestamp_ms"": 1733681671446}",1733681670002,trades,0,30169
b'BTC-USD',"{""pair"": ""BTC/USD"", ""price"": 100000.9, ""volume"": 0.0001, ""timestamp"": ""2024-12-08T18:14:33.400374Z"", ""timestamp_ms"": 1733681673400}",1733681671954,trades,0,30170
b'PEPE-USD',"{""pair"": ""PEPE/USD"", ""price"": 2.6468e-05, ""volume"": 38031963.12528, ""timestamp"": ""2024-12-08T18:14:41.409948Z"", ""timestamp_ms"": 1733681681409}",1733681679994,trades,0,30171
b'BTC-USD',"{""pair"": ""BTC/USD"", ""price"": 100000.8, ""volume"": 0.00019023, ""timestamp"": ""2024-12-08T18:14:46.848791Z"", ""timestamp_ms"": 1733681686848}",1733681685406,trades,0,30172
b'ETH-USD',"{""pair"": ""ETH/USD"", ""price"": 3982.05, ""volume"": 0.00497777, ""timestamp"": ""2024-12-08T18:14:46.848928Z"", ""timestamp_ms"": 1733681686848}",1733681685410,trades,0,30173
b'DOGE-USD',"{""pair"": ""DOGE/USD"", ""price"": 0.4655703, ""volume"": 2.28, ""timestamp"": ""2024-12-08T18:14:46.936980Z"", ""timestamp_ms"": 1733681686936}",1733681685488,trades,0,30174
b'PEPE-USD',"{""pair"": ""PEPE/USD"", ""price"": 2.6468e-05, ""volume"": 11624054.68438, ""timestamp"": ""2024-12-08T18:14:48.199775Z"", ""timestamp_ms"": 1733681688199}",1733681686855,trades,0,30175
b'PEPE-USD',"{""pair"": ""PEPE/USD"", ""price"": 2.6468e-05, ""volume"": 25162615.31562, ""timestamp"": ""2024-12-08T18:14:48.199775Z"", ""timestamp_ms"": 1733681688199}",1733681686855,trades,0,30176
b'DOGE-USD',"{""pair"": ""DOGE/USD"", ""price"": 0.4652246, ""volume"": 20.75331474, ""timestamp"": ""2024-12-08T18:14:49.322137Z"", ""timestamp_ms"": 1733681689322}",1733681687872,trades,0,30177
b'BTC-USD',"{""pair"": ""BTC/USD"", ""price"": 100000.9, ""volume"": 0.00049261, ""timestamp"": ""2024-12-08T18:14:54.038800Z"", ""timestamp_ms"": 1733681694038}",1733681692589,trades,0,30178
b'PEPE-USD',"{""pair"": ""PEPE/USD"", ""price"": 2.6467e-05, ""volume"": 112620595.25412, ""timestamp"": ""2024-12-08T18:14:55.287504Z"", ""timestamp_ms"": 1733681695287}",1733681693839,trades,0,30179
b'PEPE-USD',"{""pair"": ""PEPE/USD"", ""price"": 2.6467e-05, ""volume"": 29064737.56969, ""timestamp"": ""2024-12-08T18:14:55.725341Z"", ""timestamp_ms"": 1733681695725}",1733681694329,trades,0,30180
b'PEPE-USD',"{""pair"": ""PEPE/USD"", ""price"": 2.6467e-05, ""volume"": 86141232.47818, ""timestamp"": ""2024-12-08T18:14:55.924370Z"", ""timestamp_ms"": 1733681695924}",1733681694478,trades,0,30181
b'PEPE-USD',"{""pair"": ""PEPE/USD"", ""price"": 2.6467e-05, ""volume"": 3189012.66795, ""timestamp"": ""2024-12-08T18:14:55.924370Z"", ""timestamp_ms"": 1733681695924}",1733681694478,trades,0,30182
b'PEPE-USD',"{""pair"": ""PEPE/USD"", ""price"": 2.6467e-05, ""volume"": 4367567.22398, ""timestamp"": ""2024-12-08T18:14:56.027652Z"", ""timestamp_ms"": 1733681696027}",1733681694580,trades,0,30183
b'BTC-USD',"{""pair"": ""BTC/USD"", ""price"": 100000.9, ""volume"": 0.05736966, ""timestamp"": ""2024-12-08T18:14:57.977448Z"", ""timestamp_ms"": 1733681697977}",1733681696531,trades,0,30184
b'BTC-USD',"{""pair"": ""BTC/USD"", ""price"": 100000.9, ""volume"": 0.001, ""timestamp"": ""2024-12-08T18:14:57.977448Z"", ""timestamp_ms"": 1733681697977}",1733681696531,trades,0,30185
b'BTC-USD',"{""pair"": ""BTC/USD"", ""price"": 100000.9, ""volume"": 0.01999982, ""timestamp"": ""2024-12-08T18:14:57.977448Z"", ""timestamp_ms"": 1733681697977}",1733681696532,trades,0,30186
b'BTC-USD',"{""pair"": ""BTC/USD"", ""price"": 100000.9, ""volume"": 0.0123, ""timestamp"": ""2024-12-08T18:14:57.977448Z"", ""timestamp_ms"": 1733681697977}",1733681696532,trades,0,30187
b'BTC-USD',"{""pair"": ""BTC/USD"", ""price"": 100000.9, ""volume"": 0.00492616, ""timestamp"": ""2024-12-08T18:14:57.977448Z"", ""timestamp_ms"": 1733681697977}",1733681696532,trades,0,30188
b'BTC-USD',"{""pair"": ""BTC/USD"", ""price"": 100000.8, ""volume"": 6.526e-05, ""timestamp"": ""2024-12-08T18:15:06.319478Z"", ""timestamp_ms"": 1733681706319}",1733681704869,trades,0,30189
b'ETH-USD',"{""pair"": ""ETH/USD"", ""price"": 3982.05, ""volume"": 0.002, ""timestamp"": ""2024-12-08T18:15:06.319650Z"", ""timestamp_ms"": 1733681706319}",1733681704870,trades,0,30190
b'BTC-USD',"{""pair"": ""BTC/USD"", ""price"": 100000.8, ""volume"": 0.00019451, ""timestamp"": ""2024-12-08T18:15:07.531183Z"", ""timestamp_ms"": 1733681707531}",1733681706082,trades,0,30191
b'BTC-USD',"{""pair"": ""BTC/USD"", ""price"": 100000.8, ""volume"": 0.0005, ""timestamp"": ""2024-12-08T18:15:07.531183Z"", ""timestamp_ms"": 1733681707531}",1733681706082,trades,0,30192
b'BTC-USD',"{""pair"": ""BTC/USD"", ""price"": 100000.8, ""volume"": 0.0005, ""timestamp"": ""2024-12-08T18:15:07.531183Z"", ""timestamp_ms"": 1733681707531}",1733681706082,trades,0,30193
b'BTC-USD',"{""pair"": ""BTC/USD"", ""price"": 100000.8, ""volume"": 0.0005, ""timestamp"": ""2024-12-08T18:15:07.531183Z"", ""timestamp_ms"": 1733681707531}",1733681706082,trades,0,30194
b'BTC-USD',"{""pair"": ""BTC/USD"", ""price"": 100000.8, ""volume"": 0.0005, ""timestamp"": ""2024-12-08T18:15:07.531183Z"", ""timestamp_ms"": 1733681707531}",1733681706083,trades,0,30195
b'BTC-USD',"{""pair"": ""BTC/USD"", ""price"": 100000.8, ""volume"": 0.0005, ""timestamp"": ""2024-12-08T18:15:07.531183Z"", ""timestamp_ms"": 1733681707531}",1733681706083,trades,0,30196
b'BTC-USD',"{""pair"": ""BTC/USD"", ""price"": 100000.8, ""volume"": 0.0005, ""timestamp"": ""2024-12-08T18:15:07.531183Z"", ""timestamp_ms"": 1733681707531}",1733681706083,trades,0,30197
b'BTC-USD',"{""pair"": ""BTC/USD"", ""price"": 100000.8, ""volume"": 0.0005, ""timestamp"": ""2024-12-08T18:15:07.531183Z"", ""timestamp_ms"": 1733681707531}",1733681706083,trades,0,30198
b'BTC-USD',"{""pair"": ""BTC/USD"", ""price"": 100000.0, ""volume"": 0.03906263, ""timestamp"": ""2024-12-08T18:15:07.531183Z"", ""timestamp_ms"": 1733681707531}",1733681706083,trades,0,30199
b'BTC-USD',"{""pair"": ""BTC/USD"", ""price"": 100000.0, ""volume"": 0.0005, ""timestamp"": ""2024-12-08T18:15:07.531183Z"", ""timestamp_ms"": 1733681707531}",1733681706084,trades,0,30200
b'BTC-USD',"{""pair"": ""BTC/USD"", ""price"": 100000.0, ""volume"": 5e-05, ""timestamp"": ""2024-12-08T18:15:07.531183Z"", ""timestamp_ms"": 1733681707531}",1733681706084,trades,0,30201
b'BTC-USD',"{""pair"": ""BTC/USD"", ""price"": 99999.9, ""volume"": 0.0005, ""timestamp"": ""2024-12-08T18:15:07.531183Z"", ""timestamp_ms"": 1733681707531}",1733681706084,trades,0,30202
b'ETH-USD',"{""pair"": ""ETH/USD"", ""price"": 3982.06, ""volume"": 0.03929624, ""timestamp"": ""2024-12-08T18:15:08.178189Z"", ""timestamp_ms"": 1733681708178}",1733681706822,trades,0,30203
b'DOGE-USD',"{""pair"": ""DOGE/USD"", ""price"": 0.4655245, ""volume"": 180.86588865, ""timestamp"": ""2024-12-08T18:15:09.058505Z"", ""timestamp_ms"": 1733681709058}",1733681707642,trades,0,30204
b'ETH-USD',"{""pair"": ""ETH/USD"", ""price"": 3982.06, ""volume"": 0.00465502, ""timestamp"": ""2024-12-08T18:15:09.328631Z"", ""timestamp_ms"": 1733681709328}",1733681707880,trades,0,30205
b'DOGE-USD',"{""pair"": ""DOGE/USD"", ""price"": 0.4656562, ""volume"": 2.17, ""timestamp"": ""2024-12-08T18:15:09.442746Z"", ""timestamp_ms"": 1733681709442}",1733681707993,trades,0,30206
b'BTC-USD',"{""pair"": ""BTC/USD"", ""price"": 99992.8, ""volume"": 5.12e-05, ""timestamp"": ""2024-12-08T18:15:12.553243Z"", ""timestamp_ms"": 1733681712553}",1733681711122,trades,0,30207
b'PEPE-USD',"{""pair"": ""PEPE/USD"", ""price"": 2.6489e-05, ""volume"": 8194104.0, ""timestamp"": ""2024-12-08T18:15:12.975358Z"", ""timestamp_ms"": 1733681712975}",1733681711635,trades,0,30208
b'DOGE-USD',"{""pair"": ""DOGE/USD"", ""price"": 0.4654849, ""volume"": 13.0, ""timestamp"": ""2024-12-08T18:15:16.337126Z"", ""timestamp_ms"": 1733681716337}",1733681714886,trades,0,30209
b'BTC-USD',"{""pair"": ""BTC/USD"", ""price"": 99992.7, ""volume"": 6.12e-05, ""timestamp"": ""2024-12-08T18:15:16.937299Z"", ""timestamp_ms"": 1733681716937}",1733681715527,trades,0,30210
b'BTC-USD',"{""pair"": ""BTC/USD"", ""price"": 99970.7, ""volume"": 5.12e-05, ""timestamp"": ""2024-12-08T18:15:16.937299Z"", ""timestamp_ms"": 1733681716937}",1733681715527,trades,0,30211
b'BTC-USD',"{""pair"": ""BTC/USD"", ""price"": 99963.3, ""volume"": 0.00588779, ""timestamp"": ""2024-12-08T18:15:16.937299Z"", ""timestamp_ms"": 1733681716937}",1733681715528,trades,0,30212
b'DOGE-USD',"{""pair"": ""DOGE/USD"", ""price"": 0.4654689, ""volume"": 13.0, ""timestamp"": ""2024-12-08T18:15:18.124577Z"", ""timestamp_ms"": 1733681718124}",1733681716754,trades,0,30213
b'BTC-USD',"{""pair"": ""BTC/USD"", ""price"": 99963.2, ""volume"": 0.00302308, ""timestamp"": ""2024-12-08T18:15:21.039184Z"", ""timestamp_ms"": 1733681721039}",1733681719624,trades,0,30214
b'BTC-USD',"{""pair"": ""BTC/USD"", ""price"": 99963.3, ""volume"": 0.00093658, ""timestamp"": ""2024-12-08T18:15:21.792898Z"", ""timestamp_ms"": 1733681721792}",1733681720441,trades,0,30215
b'DOGE-USD',"{""pair"": ""DOGE/USD"", ""price"": 0.4652247, ""volume"": 12104.21046438, ""timestamp"": ""2024-12-08T18:15:23.131582Z"", ""timestamp_ms"": 1733681723131}",1733681721776,trades,0,30216
b'DOGE-USD',"{""pair"": ""DOGE/USD"", ""price"": 0.4652247, ""volume"": 5376.52592626, ""timestamp"": ""2024-12-08T18:15:23.131582Z"", ""timestamp_ms"": 1733681723131}",1733681721776,trades,0,30217
b'DOGE-USD',"{""pair"": ""DOGE/USD"", ""price"": 0.4652247, ""volume"": 13988.0, ""timestamp"": ""2024-12-08T18:15:23.131582Z"", ""timestamp_ms"": 1733681723131}",1733681721776,trades,0,30218
b'DOGE-USD',"{""pair"": ""DOGE/USD"", ""price"": 0.4652247, ""volume"": 3037.5, ""timestamp"": ""2024-12-08T18:15:23.131582Z"", ""timestamp_ms"": 1733681723131}",1733681721777,trades,0,30219
b'DOGE-USD',"{""pair"": ""DOGE/USD"", ""price"": 0.465248, ""volume"": 5376.52592626, ""timestamp"": ""2024-12-08T18:15:23.131582Z"", ""timestamp_ms"": 1733681723131}",1733681721777,trades,0,30220
b'DOGE-USD',"{""pair"": ""DOGE/USD"", ""price"": 0.4652713, ""volume"": 3037.5, ""timestamp"": ""2024-12-08T18:15:23.131582Z"", ""timestamp_ms"": 1733681723131}",1733681721777,trades,0,30221
b'DOGE-USD',"{""pair"": ""DOGE/USD"", ""price"": 0.4652767, ""volume"": 10954.70230596, ""timestamp"": ""2024-12-08T18:15:23.131582Z"", ""timestamp_ms"": 1733681723131}",1733681721777,trades,0,30222
b'DOGE-USD',"{""pair"": ""DOGE/USD"", ""price"": 0.4652934, ""volume"": 233.38584515, ""timestamp"": ""2024-12-08T18:15:23.131582Z"", ""timestamp_ms"": 1733681723131}",1733681721778,trades,0,30223
b'DOGE-USD',"{""pair"": ""DOGE/USD"", ""price"": 0.4652963, ""volume"": 8602.45221828, ""timestamp"": ""2024-12-08T18:15:23.131582Z"", ""timestamp_ms"": 1733681723131}",1733681721778,trades,0,30224
b'DOGE-USD',"{""pair"": ""DOGE/USD"", ""price"": 0.4653016, ""volume"": 233.38584515, ""timestamp"": ""2024-12-08T18:15:23.131582Z"", ""timestamp_ms"": 1733681723131}",1733681721778,trades,0,30225
b'DOGE-USD',"{""pair"": ""DOGE/USD"", ""price"": 0.4653123, ""volume"": 7553.44059219, ""timestamp"": ""2024-12-08T18:15:23.131582Z"", ""timestamp_ms"": 1733681723131}",1733681721778,trades,0,30226
b'DOGE-USD',"{""pair"": ""DOGE/USD"", ""price"": 0.4653179, ""volume"": 3037.5, ""timestamp"": ""2024-12-08T18:15:23.131582Z"", ""timestamp_ms"": 1733681723131}",1733681721778,trades,0,30227
b'DOGE-USD',"{""pair"": ""DOGE/USD"", ""price"": 0.4653273, ""volume"": 644.70749943, ""timestamp"": ""2024-12-08T18:15:23.131582Z"", ""timestamp_ms"": 1733681723131}",1733681721779,trades,0,30228
b'DOGE-USD',"{""pair"": ""DOGE/USD"", ""price"": 0.4653664, ""volume"": 1430.7, ""timestamp"": ""2024-12-08T18:15:23.131582Z"", ""timestamp_ms"": 1733681723131}",1733681721779,trades,0,30229
b'DOGE-USD',"{""pair"": ""DOGE/USD"", ""price"": 0.4654315, ""volume"": 2252.89337694, ""timestamp"": ""2024-12-08T18:15:23.131582Z"", ""timestamp_ms"": 1733681723131}",1733681721779,trades,0,30230
b'BTC-USD',"{""pair"": ""BTC/USD"", ""price"": 99963.3, ""volume"": 0.01478664, ""timestamp"": ""2024-12-08T18:15:23.765642Z"", ""timestamp_ms"": 1733681723765}",1733681722387,trades,0,30231
b'PEPE-USD',"{""pair"": ""PEPE/USD"", ""price"": 2.6432e-05, ""volume"": 189170725.46582, ""timestamp"": ""2024-12-08T18:15:25.907654Z"", ""timestamp_ms"": 1733681725907}",1733681724458,trades,0,30232
b'PEPE-USD',"{""pair"": ""PEPE/USD"", ""price"": 2.6434e-05, ""volume"": 9773911.77019, ""timestamp"": ""2024-12-08T18:15:25.907654Z"", ""timestamp_ms"": 1733681725907}",1733681724459,trades,0,30233
b'PEPE-USD',"{""pair"": ""PEPE/USD"", ""price"": 2.6435e-05, ""volume"": 90193188.76399, ""timestamp"": ""2024-12-08T18:15:25.907654Z"", ""timestamp_ms"": 1733681725907}",1733681724459,trades,0,30234
b'PEPE-USD',"{""pair"": ""PEPE/USD"", ""price"": 2.6435e-05, ""volume"": 288095263.81223, ""timestamp"": ""2024-12-08T18:15:26.079115Z"", ""timestamp_ms"": 1733681726079}",1733681724640,trades,0,30235
b'PEPE-USD',"{""pair"": ""PEPE/USD"", ""price"": 2.6446e-05, ""volume"": 158998521.31374, ""timestamp"": ""2024-12-08T18:15:26.079115Z"", ""timestamp_ms"": 1733681726079}",1733681724641,trades,0,30236
b'PEPE-USD',"{""pair"": ""PEPE/USD"", ""price"": 2.6452e-05, ""volume"": 180010293.05222, ""timestamp"": ""2024-12-08T18:15:26.079115Z"", ""timestamp_ms"": 1733681726079}",1733681724641,trades,0,30237
b'PEPE-USD',"{""pair"": ""PEPE/USD"", ""price"": 2.6452e-05, ""volume"": 36495574.28478, ""timestamp"": ""2024-12-08T18:15:26.079115Z"", ""timestamp_ms"": 1733681726079}",1733681724641,trades,0,30238
b'BTC-USD',"{""pair"": ""BTC/USD"", ""price"": 99963.2, ""volume"": 0.000468, ""timestamp"": ""2024-12-08T18:15:26.582940Z"", ""timestamp_ms"": 1733681726582}",1733681725153,trades,0,30239
b'BTC-USD',"{""pair"": ""BTC/USD"", ""price"": 99962.4, ""volume"": 0.01951936, ""timestamp"": ""2024-12-08T18:15:28.768510Z"", ""timestamp_ms"": 1733681728768}",1733681727405,trades,0,30240
b'PEPE-USD',"{""pair"": ""PEPE/USD"", ""price"": 2.6415e-05, ""volume"": 2745418.0, ""timestamp"": ""2024-12-08T18:15:29.268793Z"", ""timestamp_ms"": 1733681729268}",1733681727823,trades,0,30241
b'BTC-USD',"{""pair"": ""BTC/USD"", ""price"": 99962.3, ""volume"": 6.12e-05, ""timestamp"": ""2024-12-08T18:15:29.988615Z"", ""timestamp_ms"": 1733681729988}",1733681728634,trades,0,30242
b'BTC-USD',"{""pair"": ""BTC/USD"", ""price"": 99962.3, ""volume"": 0.01609724, ""timestamp"": ""2024-12-08T18:15:29.988615Z"", ""timestamp_ms"": 1733681729988}",1733681728634,trades,0,30243
b'PEPE-USD',"{""pair"": ""PEPE/USD"", ""price"": 2.6404e-05, ""volume"": 40109074.38266, ""timestamp"": ""2024-12-08T18:15:35.133914Z"", ""timestamp_ms"": 1733681735133}",1733681733753,trades,0,30244
b'ETH-USD',"{""pair"": ""ETH/USD"", ""price"": 3982.05, ""volume"": 1.28363096, ""timestamp"": ""2024-12-08T18:15:36.400833Z"", ""timestamp_ms"": 1733681736400}",1733681734955,trades,0,30245
b'DOGE-USD',"{""pair"": ""DOGE/USD"", ""price"": 0.4652246, ""volume"": 4.24668526, ""timestamp"": ""2024-12-08T18:15:39.830845Z"", ""timestamp_ms"": 1733681739830}",1733681738463,trades,0,30246
b'DOGE-USD',"{""pair"": ""DOGE/USD"", ""price"": 0.4650542, ""volume"": 9.28031085, ""timestamp"": ""2024-12-08T18:15:39.830845Z"", ""timestamp_ms"": 1733681739830}",1733681738463,trades,0,30247
b'BTC-USD',"{""pair"": ""BTC/USD"", ""price"": 99962.4, ""volume"": 0.00015285, ""timestamp"": ""2024-12-08T18:15:40.075880Z"", ""timestamp_ms"": 1733681740075}",1733681738625,trades,0,30248
b'DOGE-USD',"{""pair"": ""DOGE/USD"", ""price"": 0.4650385, ""volume"": 4183.94, ""timestamp"": ""2024-12-08T18:15:41.081106Z"", ""timestamp_ms"": 1733681741081}",1733681739692,trades,0,30249
b'DOGE-USD',"{""pair"": ""DOGE/USD"", ""price"": 0.4650384, ""volume"": 4300.0, ""timestamp"": ""2024-12-08T18:15:41.464539Z"", ""timestamp_ms"": 1733681741464}",1733681740014,trades,0,30250
b'BTC-USD',"{""pair"": ""BTC/USD"", ""price"": 99962.3, ""volume"": 0.00206436, ""timestamp"": ""2024-12-08T18:15:42.906204Z"", ""timestamp_ms"": 1733681742906}",1733681741536,trades,0,30251
b'BTC-USD',"{""pair"": ""BTC/USD"", ""price"": 99962.4, ""volume"": 0.00069042, ""timestamp"": ""2024-12-08T18:15:44.981492Z"", ""timestamp_ms"": 1733681744981}",1733681743584,trades,0,30252
b'ETH-USD',"{""pair"": ""ETH/USD"", ""price"": 3982.06, ""volume"": 0.02352012, ""timestamp"": ""2024-12-08T18:15:46.288856Z"", ""timestamp_ms"": 1733681746288}",1733681744914,trades,0,30253
b'ETH-USD',"{""pair"": ""ETH/USD"", ""price"": 3982.05, ""volume"": 0.00305352, ""timestamp"": ""2024-12-08T18:15:49.529927Z"", ""timestamp_ms"": 1733681749529}",1733681748089,trades,0,30254
b'ETH-USD',"{""pair"": ""ETH/USD"", ""price"": 3982.05, ""volume"": 0.19466697, ""timestamp"": ""2024-12-08T18:15:49.529927Z"", ""timestamp_ms"": 1733681749529}",1733681748090,trades,0,30255
b'PEPE-USD',"{""pair"": ""PEPE/USD"", ""price"": 2.639e-05, ""volume"": 1774420.82904, ""timestamp"": ""2024-12-08T18:15:50.263476Z"", ""timestamp_ms"": 1733681750263}",1733681748909,trades,0,30256
b'BTC-USD',"{""pair"": ""BTC/USD"", ""price"": 99962.4, ""volume"": 0.00030958, ""timestamp"": ""2024-12-08T18:15:52.373735Z"", ""timestamp_ms"": 1733681752373}",1733681750924,trades,0,30257
b'BTC-USD',"{""pair"": ""BTC/USD"", ""price"": 99962.4, ""volume"": 0.00119097, ""timestamp"": ""2024-12-08T18:15:52.373735Z"", ""timestamp_ms"": 1733681752373}",1733681750924,trades,0,30258
b'ETH-USD',"{""pair"": ""ETH/USD"", ""price"": 3982.05, ""volume"": 0.09469654, ""timestamp"": ""2024-12-08T18:15:55.980460Z"", ""timestamp_ms"": 1733681755980}",1733681754542,trades,0,30259
b'ETH-USD',"{""pair"": ""ETH/USD"", ""price"": 3982.05, ""volume"": 0.0024569, ""timestamp"": ""2024-12-08T18:15:55.980460Z"", ""timestamp_ms"": 1733681755980}",1733681754542,trades,0,30260
b'ETH-USD',"{""pair"": ""ETH/USD"", ""price"": 3982.05, ""volume"": 0.86428615, ""timestamp"": ""2024-12-08T18:15:55.980460Z"", ""timestamp_ms"": 1733681755980}",1733681754543,trades,0,30261
b'ETH-USD',"{""pair"": ""ETH/USD"", ""price"": 3982.06, ""volume"": 0.01145626, ""timestamp"": ""2024-12-08T18:15:57.637655Z"", ""timestamp_ms"": 1733681757637}",1733681756282,trades,0,30262
b'DOGE-USD',"{""pair"": ""DOGE/USD"", ""price"": 0.4654632, ""volume"": 30.97435477, ""timestamp"": ""2024-12-08T18:16:00.184657Z"", ""timestamp_ms"": 1733681760184}",1733681758842,trades,0,30263
b'DOGE-USD',"{""pair"": ""DOGE/USD"", ""price"": 0.4655971, ""volume"": 8.77564523, ""timestamp"": ""2024-12-08T18:16:00.184657Z"", ""timestamp_ms"": 1733681760184}",1733681758842,trades,0,30264
b'ETH-USD',"{""pair"": ""ETH/USD"", ""price"": 3982.06, ""volume"": 0.12556315, ""timestamp"": ""2024-12-08T18:16:11.559498Z"", ""timestamp_ms"": 1733681771559}",1733681770217,trades,0,30265
b'BTC-USD',"{""pair"": ""BTC/USD"", ""price"": 99962.3, ""volume"": 0.11282263, ""timestamp"": ""2024-12-08T18:16:11.866644Z"", ""timestamp_ms"": 1733681771866}",1733681770436,trades,0,30266
b'ETH-USD',"{""pair"": ""ETH/USD"", ""price"": 3982.06, ""volume"": 0.71298059, ""timestamp"": ""2024-12-08T18:16:12.093641Z"", ""timestamp_ms"": 1733681772093}",1733681770744,trades,0,30267
b'BTC-USD',"{""pair"": ""BTC/USD"", ""price"": 99962.4, ""volume"": 0.00033391, ""timestamp"": ""2024-12-08T18:16:12.403806Z"", ""timestamp_ms"": 1733681772403}",1733681770981,trades,0,30268
b'BTC-USD',"{""pair"": ""BTC/USD"", ""price"": 99962.4, ""volume"": 0.00024267, ""timestamp"": ""2024-12-08T18:16:12.403806Z"", ""timestamp_ms"": 1733681772403}",1733681770981,trades,0,30269
b'BTC-USD',"{""pair"": ""BTC/USD"", ""price"": 99996.8, ""volume"": 0.13866415, ""timestamp"": ""2024-12-08T18:16:14.388384Z"", ""timestamp_ms"": 1733681774388}",1733681772937,trades,0,30270
b'BTC-USD',"{""pair"": ""BTC/USD"", ""price"": 99996.8, ""volume"": 0.0098507, ""timestamp"": ""2024-12-08T18:16:14.388384Z"", ""timestamp_ms"": 1733681774388}",1733681772937,trades,0,30271
b'PEPE-USD',"{""pair"": ""PEPE/USD"", ""price"": 2.6398e-05, ""volume"": 189415265.39522, ""timestamp"": ""2024-12-08T18:16:14.389986Z"", ""timestamp_ms"": 1733681774389}",1733681772940,trades,0,30272
b'PEPE-USD',"{""pair"": ""PEPE/USD"", ""price"": 2.64e-05, ""volume"": 9039727.53621, ""timestamp"": ""2024-12-08T18:16:14.389986Z"", ""timestamp_ms"": 1733681774389}",1733681772940,trades,0,30273
b'PEPE-USD',"{""pair"": ""PEPE/USD"", ""price"": 2.6401e-05, ""volume"": 355466476.06857, ""timestamp"": ""2024-12-08T18:16:14.389986Z"", ""timestamp_ms"": 1733681774389}",1733681772940,trades,0,30274
b'DOGE-USD',"{""pair"": ""DOGE/USD"", ""price"": 0.4655298, ""volume"": 18.23579455, ""timestamp"": ""2024-12-08T18:16:20.731181Z"", ""timestamp_ms"": 1733681780731}",1733681779324,trades,0,30275
b'DOGE-USD',"{""pair"": ""DOGE/USD"", ""price"": 0.4658071, ""volume"": 21.96420545, ""timestamp"": ""2024-12-08T18:16:20.731181Z"", ""timestamp_ms"": 1733681780731}",1733681779324,trades,0,30276
b'BTC-USD',"{""pair"": ""BTC/USD"", ""price"": 99996.8, ""volume"": 0.00077, ""timestamp"": ""2024-12-08T18:16:21.316967Z"", ""timestamp_ms"": 1733681781316}",1733681779865,trades,0,30277
b'ETH-USD',"{""pair"": ""ETH/USD"", ""price"": 3984.19, ""volume"": 0.00230108, ""timestamp"": ""2024-12-08T18:16:24.470713Z"", ""timestamp_ms"": 1733681784470}",1733681783020,trades,0,30278
b'ETH-USD',"{""pair"": ""ETH/USD"", ""price"": 3984.19, ""volume"": 9.496e-05, ""timestamp"": ""2024-12-08T18:16:24.470713Z"", ""timestamp_ms"": 1733681784470}",1733681783020,trades,0,30279
b'PEPE-USD',"{""pair"": ""PEPE/USD"", ""price"": 2.6388e-05, ""volume"": 353802.0, ""timestamp"": ""2024-12-08T18:16:24.472325Z"", ""timestamp_ms"": 1733681784472}",1733681783022,trades,0,30280
b'ETH-USD',"{""pair"": ""ETH/USD"", ""price"": 3984.2, ""volume"": 0.06125032, ""timestamp"": ""2024-12-08T18:16:24.649749Z"", ""timestamp_ms"": 1733681784649}",1733681783199,trades,0,30281
b'BTC-USD',"{""pair"": ""BTC/USD"", ""price"": 99996.8, ""volume"": 0.00441458, ""timestamp"": ""2024-12-08T18:16:27.648232Z"", ""timestamp_ms"": 1733681787648}",1733681786284,trades,0,30282
b'PEPE-USD',"{""pair"": ""PEPE/USD"", ""price"": 2.6384e-05, ""volume"": 735956.0, ""timestamp"": ""2024-12-08T18:16:27.895216Z"", ""timestamp_ms"": 1733681787895}",1733681786445,trades,0,30283
b'ETH-USD',"{""pair"": ""ETH/USD"", ""price"": 3982.95, ""volume"": 0.0249486, ""timestamp"": ""2024-12-08T18:16:34.043589Z"", ""timestamp_ms"": 1733681794043}",1733681792632,trades,0,30284
b'PEPE-USD',"{""pair"": ""PEPE/USD"", ""price"": 2.6383e-05, ""volume"": 3032594.61, ""timestamp"": ""2024-12-08T18:16:35.366255Z"", ""timestamp_ms"": 1733681795366}",1733681793922,trades,0,30285
b'BTC-USD',"{""pair"": ""BTC/USD"", ""price"": 99996.8, ""volume"": 0.00059999, ""timestamp"": ""2024-12-08T18:16:35.844022Z"", ""timestamp_ms"": 1733681795844}",1733681794398,trades,0,30286
b'BTC-USD',"{""pair"": ""BTC/USD"", ""price"": 99996.8, ""volume"": 0.00022385, ""timestamp"": ""2024-12-08T18:16:36.329862Z"", ""timestamp_ms"": 1733681796329}",1733681794877,trades,0,30287
b'ETH-USD',"{""pair"": ""ETH/USD"", ""price"": 3982.95, ""volume"": 0.01215133, ""timestamp"": ""2024-12-08T18:16:37.242781Z"", ""timestamp_ms"": 1733681797242}",1733681795807,trades,0,30288
b'BTC-USD',"{""pair"": ""BTC/USD"", ""price"": 99996.9, ""volume"": 5.12e-05, ""timestamp"": ""2024-12-08T18:16:41.033538Z"", ""timestamp_ms"": 1733681801033}",1733681799582,trades,0,30289
b'BTC-USD',"{""pair"": ""BTC/USD"", ""price"": 99996.9, ""volume"": 0.00014585, ""timestamp"": ""2024-12-08T18:16:41.033538Z"", ""timestamp_ms"": 1733681801033}",1733681799582,trades,0,30290
b'DOGE-USD',"{""pair"": ""DOGE/USD"", ""price"": 0.4652247, ""volume"": 142.0, ""timestamp"": ""2024-12-08T18:16:44.168560Z"", ""timestamp_ms"": 1733681804168}",1733681802718,trades,0,30291
b'PEPE-USD',"{""pair"": ""PEPE/USD"", ""price"": 2.6383e-05, ""volume"": 102540016.75818, ""timestamp"": ""2024-12-08T18:16:45.819043Z"", ""timestamp_ms"": 1733681805819}",1733681804370,trades,0,30292
b'PEPE-USD',"{""pair"": ""PEPE/USD"", ""price"": 2.6383e-05, ""volume"": 12017424.03769, ""timestamp"": ""2024-12-08T18:16:45.824192Z"", ""timestamp_ms"": 1733681805824}",1733681804373,trades,0,30293
b'PEPE-USD',"{""pair"": ""PEPE/USD"", ""price"": 2.6383e-05, ""volume"": 20806981.48124, ""timestamp"": ""2024-12-08T18:16:45.838642Z"", ""timestamp_ms"": 1733681805838}",1733681804418,trades,0,30294
b'PEPE-USD',"{""pair"": ""PEPE/USD"", ""price"": 2.6383e-05, ""volume"": 123366152.98533, ""timestamp"": ""2024-12-08T18:16:45.865985Z"", ""timestamp_ms"": 1733681805865}",1733681804419,trades,0,30295
b'DOGE-USD',"{""pair"": ""DOGE/USD"", ""price"": 0.4652246, ""volume"": 100.0, ""timestamp"": ""2024-12-08T18:16:50.807230Z"", ""timestamp_ms"": 1733681810807}",1733681809375,trades,0,30296
b'PEPE-USD',"{""pair"": ""PEPE/USD"", ""price"": 2.6383e-05, ""volume"": 185736779.90039, ""timestamp"": ""2024-12-08T18:16:51.685101Z"", ""timestamp_ms"": 1733681811685}",1733681810247,trades,0,30297
b'PEPE-USD',"{""pair"": ""PEPE/USD"", ""price"": 2.6383e-05, ""volume"": 185736709.49603, ""timestamp"": ""2024-12-08T18:16:51.688314Z"", ""timestamp_ms"": 1733681811688}",1733681810248,trades,0,30298
b'PEPE-USD',"{""pair"": ""PEPE/USD"", ""price"": 2.6383e-05, ""volume"": 185736709.49603, ""timestamp"": ""2024-12-08T18:16:51.691400Z"", ""timestamp_ms"": 1733681811691}",1733681810248,trades,0,30299
b'PEPE-USD',"{""pair"": ""PEPE/USD"", ""price"": 2.6383e-05, ""volume"": 57627851.71799, ""timestamp"": ""2024-12-08T18:16:51.694323Z"", ""timestamp_ms"": 1733681811694}",1733681810249,trades,0,30300
b'BTC-USD',"{""pair"": ""BTC/USD"", ""price"": 99996.9, ""volume"": 0.00032128, ""timestamp"": ""2024-12-08T18:16:51.724519Z"", ""timestamp_ms"": 1733681811724}",1733681810272,trades,0,30301
b'BTC-USD',"{""pair"": ""BTC/USD"", ""price"": 99996.8, ""volume"": 0.00206436, ""timestamp"": ""2024-12-08T18:16:53.812830Z"", ""timestamp_ms"": 1733681813812}",1733681812361,trades,0,30302
b'DOGE-USD',"{""pair"": ""DOGE/USD"", ""price"": 0.4649054, ""volume"": 17.09462756, ""timestamp"": ""2024-12-08T18:16:55.359891Z"", ""timestamp_ms"": 1733681815359}",1733681813908,trades,0,30303
b'PEPE-USD',"{""pair"": ""PEPE/USD"", ""price"": 2.638e-05, ""volume"": 117748923.91176, ""timestamp"": ""2024-12-08T18:16:56.111028Z"", ""timestamp_ms"": 1733681816111}",1733681814766,trades,0,30304
b'PEPE-USD',"{""pair"": ""PEPE/USD"", ""price"": 2.638e-05, ""volume"": 21801899.53818, ""timestamp"": ""2024-12-08T18:16:56.114390Z"", ""timestamp_ms"": 1733681816114}",1733681814766,trades,0,30305
b'PEPE-USD',"{""pair"": ""PEPE/USD"", ""price"": 2.638e-05, ""volume"": 3274303.93857, ""timestamp"": ""2024-12-08T18:16:56.119595Z"", ""timestamp_ms"": 1733681816119}",1733681814767,trades,0,30306
b'PEPE-USD',"{""pair"": ""PEPE/USD"", ""price"": 2.638e-05, ""volume"": 12099670.32121, ""timestamp"": ""2024-12-08T18:16:56.127489Z"", ""timestamp_ms"": 1733681816127}",1733681814767,trades,0,30307
b'PEPE-USD',"{""pair"": ""PEPE/USD"", ""price"": 2.638e-05, ""volume"": 25780311.5397, ""timestamp"": ""2024-12-08T18:16:56.136892Z"", ""timestamp_ms"": 1733681816136}",1733681814768,trades,0,30308
b'DOGE-USD',"{""pair"": ""DOGE/USD"", ""price"": 0.4648987, ""volume"": 605.0, ""timestamp"": ""2024-12-08T18:16:58.967331Z"", ""timestamp_ms"": 1733681818967}",1733681817531,trades,0,30309
b'BTC-USD',"{""pair"": ""BTC/USD"", ""price"": 99996.9, ""volume"": 0.00029269, ""timestamp"": ""2024-12-08T18:17:00.933889Z"", ""timestamp_ms"": 1733681820933}",1733681819564,trades,0,30310
b'PEPE-USD',"{""pair"": ""PEPE/USD"", ""price"": 2.6351e-05, ""volume"": 1138476.71815, ""timestamp"": ""2024-12-08T18:17:02.916198Z"", ""timestamp_ms"": 1733681822916}",1733681821520,trades,0,30311
b'BTC-USD',"{""pair"": ""BTC/USD"", ""price"": 99996.9, ""volume"": 0.00024018, ""timestamp"": ""2024-12-08T18:17:03.800496Z"", ""timestamp_ms"": 1733681823800}",1733681822431,trades,0,30312
b'BTC-USD',"{""pair"": ""BTC/USD"", ""price"": 99996.9, ""volume"": 0.00012812, ""timestamp"": ""2024-12-08T18:17:03.800496Z"", ""timestamp_ms"": 1733681823800}",1733681822432,trades,0,30313
b'BTC-USD',"{""pair"": ""BTC/USD"", ""price"": 99996.9, ""volume"": 0.00461185, ""timestamp"": ""2024-12-08T18:17:03.800496Z"", ""timestamp_ms"": 1733681823800}",1733681822432,trades,0,30314
b'BTC-USD',"{""pair"": ""BTC/USD"", ""price"": 99996.8, ""volume"": 9.056e-05, ""timestamp"": ""2024-12-08T18:17:03.908799Z"", ""timestamp_ms"": 1733681823908}",1733681822459,trades,0,30315
b'PEPE-USD',"{""pair"": ""PEPE/USD"", ""price"": 2.6329e-05, ""volume"": 18250616.37926, ""timestamp"": ""2024-12-08T18:17:10.186527Z"", ""timestamp_ms"": 1733681830186}",1733681828780,trades,0,30316
b'PEPE-USD',"{""pair"": ""PEPE/USD"", ""price"": 2.633e-05, ""volume"": 37750000.0, ""timestamp"": ""2024-12-08T18:17:10.186527Z"", ""timestamp_ms"": 1733681830186}",1733681828781,trades,0,30317
b'PEPE-USD',"{""pair"": ""PEPE/USD"", ""price"": 2.6331e-05, ""volume"": 2776996.0963, ""timestamp"": ""2024-12-08T18:17:10.186527Z"", ""timestamp_ms"": 1733681830186}",1733681828781,trades,0,30318
b'PEPE-USD',"{""pair"": ""PEPE/USD"", ""price"": 2.6337e-05, ""volume"": 16991209.52444, ""timestamp"": ""2024-12-08T18:17:10.186527Z"", ""timestamp_ms"": 1733681830186}",1733681828781,trades,0,30319
b'DOGE-USD',"{""pair"": ""DOGE/USD"", ""price"": 0.4648991, ""volume"": 5000.0, ""timestamp"": ""2024-12-08T18:17:11.854285Z"", ""timestamp_ms"": 1733681831854}",1733681830426,trades,0,30320
b'DOGE-USD',"{""pair"": ""DOGE/USD"", ""price"": 0.4645036, ""volume"": 8335.68636382, ""timestamp"": ""2024-12-08T18:17:15.072257Z"", ""timestamp_ms"": 1733681835072}",1733681833621,trades,0,30321
b'DOGE-USD',"{""pair"": ""DOGE/USD"", ""price"": 0.4645036, ""volume"": 127.29648054, ""timestamp"": ""2024-12-08T18:17:15.072257Z"", ""timestamp_ms"": 1733681835072}",1733681833621,trades,0,30322
b'DOGE-USD',"{""pair"": ""DOGE/USD"", ""price"": 0.4644326, ""volume"": 1427.9, ""timestamp"": ""2024-12-08T18:17:15.072257Z"", ""timestamp_ms"": 1733681835072}",1733681833622,trades,0,30323
b'DOGE-USD',"{""pair"": ""DOGE/USD"", ""price"": 0.4643932, ""volume"": 2720.68215122, ""timestamp"": ""2024-12-08T18:17:15.072257Z"", ""timestamp_ms"": 1733681835072}",1733681833622,trades,0,30324
b'PEPE-USD',"{""pair"": ""PEPE/USD"", ""price"": 2.63e-05, ""volume"": 743098.0, ""timestamp"": ""2024-12-08T18:17:15.123868Z"", ""timestamp_ms"": 1733681835123}",1733681833672,trades,0,30325
b'DOGE-USD',"{""pair"": ""DOGE/USD"", ""price"": 0.4645229, ""volume"": 3615.28851992, ""timestamp"": ""2024-12-08T18:17:18.510828Z"", ""timestamp_ms"": 1733681838510}",1733681837060,trades,0,30326
b'DOGE-USD',"{""pair"": ""DOGE/USD"", ""price"": 0.4645229, ""volume"": 1384.71148008, ""timestamp"": ""2024-12-08T18:17:18.513547Z"", ""timestamp_ms"": 1733681838513}",1733681837062,trades,0,30327
b'DOGE-USD',"{""pair"": ""DOGE/USD"", ""price"": 0.4645229, ""volume"": 23.70421737, ""timestamp"": ""2024-12-08T18:17:18.513547Z"", ""timestamp_ms"": 1733681838513}",1733681837062,trades,0,30328
b'BTC-USD',"{""pair"": ""BTC/USD"", ""price"": 99996.9, ""volume"": 0.00122228, ""timestamp"": ""2024-12-08T18:17:20.228718Z"", ""timestamp_ms"": 1733681840228}",1733681838800,trades,0,30329
b'ETH-USD',"{""pair"": ""ETH/USD"", ""price"": 3982.0, ""volume"": 0.002, ""timestamp"": ""2024-12-08T18:17:22.771736Z"", ""timestamp_ms"": 1733681842771}",1733681841396,trades,0,30330
b'ETH-USD',"{""pair"": ""ETH/USD"", ""price"": 3982.0, ""volume"": 0.002, ""timestamp"": ""2024-12-08T18:17:22.771736Z"", ""timestamp_ms"": 1733681842771}",1733681841397,trades,0,30331
b'ETH-USD',"{""pair"": ""ETH/USD"", ""price"": 3981.53, ""volume"": 0.09950495, ""timestamp"": ""2024-12-08T18:17:22.771736Z"", ""timestamp_ms"": 1733681842771}",1733681841397,trades,0,30332
b'ETH-USD',"{""pair"": ""ETH/USD"", ""price"": 3981.38, ""volume"": 0.09451485, ""timestamp"": ""2024-12-08T18:17:22.771736Z"", ""timestamp_ms"": 1733681842771}",1733681841397,trades,0,30333
b'BTC-USD',"{""pair"": ""BTC/USD"", ""price"": 99996.8, ""volume"": 0.00040944, ""timestamp"": ""2024-12-08T18:17:30.347856Z"", ""timestamp_ms"": 1733681850347}",1733681848902,trades,0,30334
b'BTC-USD',"{""pair"": ""BTC/USD"", ""price"": 99996.8, ""volume"": 0.0005, ""timestamp"": ""2024-12-08T18:17:30.347856Z"", ""timestamp_ms"": 1733681850347}",1733681848903,trades,0,30335
b'BTC-USD',"{""pair"": ""BTC/USD"", ""price"": 99996.8, ""volume"": 0.0005, ""timestamp"": ""2024-12-08T18:17:30.347856Z"", ""timestamp_ms"": 1733681850347}",1733681848903,trades,0,30336
b'BTC-USD',"{""pair"": ""BTC/USD"", ""price"": 99996.8, ""volume"": 0.0005, ""timestamp"": ""2024-12-08T18:17:30.347856Z"", ""timestamp_ms"": 1733681850347}",1733681848903,trades,0,30337
b'BTC-USD',"{""pair"": ""BTC/USD"", ""price"": 99996.8, ""volume"": 0.0005, ""timestamp"": ""2024-12-08T18:17:30.347856Z"", ""timestamp_ms"": 1733681850347}",1733681848903,trades,0,30338
b'BTC-USD',"{""pair"": ""BTC/USD"", ""price"": 99996.8, ""volume"": 0.0005, ""timestamp"": ""2024-12-08T18:17:30.347856Z"", ""timestamp_ms"": 1733681850347}",1733681848904,trades,0,30339
b'BTC-USD',"{""pair"": ""BTC/USD"", ""price"": 99996.8, ""volume"": 0.0005, ""timestamp"": ""2024-12-08T18:17:30.347856Z"", ""timestamp_ms"": 1733681850347}",1733681848904,trades,0,30340
b'BTC-USD',"{""pair"": ""BTC/USD"", ""price"": 99996.8, ""volume"": 0.0005, ""timestamp"": ""2024-12-08T18:17:30.347856Z"", ""timestamp_ms"": 1733681850347}",1733681848904,trades,0,30341
b'BTC-USD',"{""pair"": ""BTC/USD"", ""price"": 99987.3, ""volume"": 7.12e-05, ""timestamp"": ""2024-12-08T18:17:30.347856Z"", ""timestamp_ms"": 1733681850347}",1733681848904,trades,0,30342
b'BTC-USD',"{""pair"": ""BTC/USD"", ""price"": 99976.0, ""volume"": 7.12e-05, ""timestamp"": ""2024-12-08T18:17:30.347857Z"", ""timestamp_ms"": 1733681850347}",1733681848904,trades,0,30343
b'BTC-USD',"{""pair"": ""BTC/USD"", ""price"": 99962.4, ""volume"": 0.00400197, ""timestamp"": ""2024-12-08T18:17:30.347857Z"", ""timestamp_ms"": 1733681850347}",1733681848905,trades,0,30344
b'BTC-USD',"{""pair"": ""BTC/USD"", ""price"": 99962.1, ""volume"": 0.01408731, ""timestamp"": ""2024-12-08T18:17:32.176641Z"", ""timestamp_ms"": 1733681852176}",1733681850798,trades,0,30345
b'BTC-USD',"{""pair"": ""BTC/USD"", ""price"": 99962.0, ""volume"": 0.000369, ""timestamp"": ""2024-12-08T18:17:32.892095Z"", ""timestamp_ms"": 1733681852892}",1733681851513,trades,0,30346
b'ETH-USD',"{""pair"": ""ETH/USD"", ""price"": 3981.38, ""volume"": 0.01964208, ""timestamp"": ""2024-12-08T18:17:33.150617Z"", ""timestamp_ms"": 1733681853150}",1733681851703,trades,0,30347
